Date,Content
2021-05-18,https://boxd.it/ifSxP
2021-05-18,https://boxd.it/i9M8d
2021-05-18,https://boxd.it/1A7AF1
2021-05-21,https://boxd.it/1QdQPR
2021-05-21,https://boxd.it/1RXJ0X
2021-05-25,https://boxd.it/1xT989
2021-05-25,https://boxd.it/1OV633
2021-05-25,https://boxd.it/1oQEc5
2021-05-25,https://boxd.it/Oe7fZ
2021-05-25,https://boxd.it/v2K7l
2021-05-28,https://boxd.it/BK86h
2021-05-29,https://boxd.it/bcZLv
2021-05-29,https://boxd.it/tKfc5
2021-05-29,https://boxd.it/LSf1z
2021-05-29,https://boxd.it/tSRan
2021-05-29,https://boxd.it/TEwbP
2021-05-29,https://boxd.it/MV5qJ
2021-05-29,https://boxd.it/kCBGp
2021-05-29,https://boxd.it/1StD2R
2021-05-29,https://boxd.it/1S7lRD
2021-05-31,https://boxd.it/1DLk9b
2021-05-31,https://boxd.it/1Gj80d
2021-06-02,https://boxd.it/1TcUxx
2021-06-02,https://boxd.it/qHCGp
2021-06-02,https://boxd.it/ra1Ef
2021-06-02,https://boxd.it/qqhSP
2021-06-02,https://boxd.it/qIkYH
2021-06-06,https://boxd.it/1kCrmx
2021-06-08,https://boxd.it/O3U0n
2021-06-08,https://boxd.it/p6A2J
2021-06-08,https://boxd.it/bDzVt
2021-06-08,https://boxd.it/cr8Zt
2021-06-08,https://boxd.it/1coegV
2021-06-08,https://boxd.it/1OIruj
2021-06-08,https://boxd.it/1M7oS1
2021-06-08,https://boxd.it/1HDjP1
2021-06-08,https://boxd.it/1HECUh
2021-06-08,https://boxd.it/1PkrKd
2021-06-08,https://boxd.it/1OV9nl
2021-06-12,https://boxd.it/1HGpUR
2021-06-13,https://boxd.it/kcybB
2021-06-14,https://boxd.it/pBFzP
2021-06-14,https://boxd.it/YtFNB
2021-06-14,https://boxd.it/OJTMp
2021-06-14,https://boxd.it/16c5Cb
2021-06-16,https://boxd.it/1TicEr
2021-06-16,https://boxd.it/1TxjEX
2021-06-16,https://boxd.it/1To5GH
2021-06-16,https://boxd.it/1TclO9
2021-06-17,https://boxd.it/k45c5
2021-06-17,https://boxd.it/O1Zqh
2021-06-18,https://boxd.it/fBRyz
2021-06-18,https://boxd.it/gSkJR
2021-06-18,https://boxd.it/eUB7B
2021-06-18,https://boxd.it/f6QeB
2021-06-21,https://boxd.it/1UZPsz
2021-06-21,https://boxd.it/1UX2rj
2021-06-21,https://boxd.it/1W38Xh
2021-06-21,https://boxd.it/7FagN
2021-06-21,https://boxd.it/ttq8J
2021-06-21,https://boxd.it/mWH9J
2021-06-28,https://boxd.it/1W5yDV
2021-06-29,https://boxd.it/FJSbB
2021-06-29,https://boxd.it/FHFcx
2021-06-30,https://boxd.it/JEmBt
2021-06-30,https://boxd.it/LSnFH
2021-06-30,https://boxd.it/KFPzR
2021-06-30,https://boxd.it/L2qyF
2021-07-02,https://boxd.it/1WeSQX
2021-07-03,https://boxd.it/1WTplj
2021-07-05,https://boxd.it/1WabWZ
2021-07-05,https://boxd.it/1XySnP
2021-07-05,https://boxd.it/1XcpUB
2021-07-09,https://boxd.it/sU8Ed
2021-07-09,https://boxd.it/ty1vj
2021-07-09,https://boxd.it/sRa3d
2021-07-09,https://boxd.it/sVYiv
2021-07-09,https://boxd.it/wicrn
2021-07-09,https://boxd.it/tjLhR
2021-07-09,https://boxd.it/vFmqr
2021-07-10,https://boxd.it/ZigLx
2021-07-10,https://boxd.it/1vRx9t
2021-07-10,https://boxd.it/1zl6lf
2021-07-11,https://boxd.it/1i0ImZ
2021-07-11,https://boxd.it/1XSw63
2021-07-11,https://boxd.it/1SJnh9
2021-07-11,https://boxd.it/1XLEnd
2021-07-11,https://boxd.it/1Yprqj
2021-07-11,https://boxd.it/1T5Vfb
2021-07-11,https://boxd.it/1Vf0tX
2021-07-12,https://boxd.it/1TFVXJ
2021-07-12,https://boxd.it/1TxNid
2021-07-12,https://boxd.it/1TBy0r
2021-07-12,https://boxd.it/1WvuqF
2021-07-13,https://boxd.it/1YVP4F
2021-07-13,https://boxd.it/1YCpwP
2021-07-13,https://boxd.it/1YOfvV
2021-07-17,https://boxd.it/1ZEIe9
2021-07-17,https://boxd.it/1Sa91h
2021-07-19,https://boxd.it/be1nx
2021-07-19,https://boxd.it/1YCYyV
2021-07-19,https://boxd.it/lTHgP
2021-07-19,https://boxd.it/p8muN
2021-07-19,https://boxd.it/1UVSJv
2021-07-19,https://boxd.it/1UVSW5
2021-07-19,https://boxd.it/1UW6pT
2021-07-19,https://boxd.it/1UB4L7
2021-07-19,https://boxd.it/1VOGNl
2021-07-19,https://boxd.it/1W5xCd
2021-07-19,https://boxd.it/P20ut
2021-07-19,https://boxd.it/isCVR
2021-07-19,https://boxd.it/NRLrb
2021-07-20,https://boxd.it/204njT
2021-07-20,https://boxd.it/1ZDhYn
2021-07-20,https://boxd.it/HelkB
2021-07-20,https://boxd.it/HifcT
2021-07-20,https://boxd.it/KoVvx
2021-07-20,https://boxd.it/Hg0BP
2021-07-20,https://boxd.it/mb9d
2021-07-20,https://boxd.it/u8G4v
2021-07-20,https://boxd.it/oQmSJ
2021-07-20,https://boxd.it/d2yqN
2021-07-21,https://boxd.it/1WU9zr
2021-07-23,https://boxd.it/KQrVL
2021-07-24,https://boxd.it/1Z6QiP
2021-07-24,https://boxd.it/1ZKLBR
2021-07-24,https://boxd.it/1ZKUlN
2021-07-24,https://boxd.it/1ZKOrF
2021-07-24,https://boxd.it/1ZRY3d
2021-07-24,https://boxd.it/1ZKMkd
2021-07-24,https://boxd.it/1ZVfpB
2021-07-24,https://boxd.it/1ZMyy5
2021-07-24,https://boxd.it/1ZLfUT
2021-07-24,https://boxd.it/1ZWZgR
2021-07-25,https://boxd.it/20RpZZ
2021-07-26,https://boxd.it/1VdBIL
2021-07-26,https://boxd.it/1VcbW1
2021-07-29,https://boxd.it/21lZDF
2021-08-01,https://boxd.it/pzThB
2021-08-05,https://boxd.it/nVQzj
2021-08-06,https://boxd.it/21tRYV
2021-08-06,https://boxd.it/1YTebP
2021-08-06,https://boxd.it/21Xxwd
2021-08-07,https://boxd.it/22vY2n
2021-08-13,https://boxd.it/22Vkob
2021-08-13,https://boxd.it/23fWMF
2021-08-13,https://boxd.it/21MDNn
2021-08-13,https://boxd.it/22EmwH
2021-08-13,https://boxd.it/234MUd
2021-08-14,https://boxd.it/233IKB
2021-08-14,https://boxd.it/cpzzD
2021-08-14,https://boxd.it/1dt6dj
2021-08-14,https://boxd.it/1CkMT9
2021-08-18,https://boxd.it/163N6P
2021-08-21,https://boxd.it/1Ja5xn
2021-08-22,https://boxd.it/8YS8b
2021-08-27,https://boxd.it/25WIQ3
2021-08-29,https://boxd.it/1FhVRR
2021-08-29,https://boxd.it/il4u9
2021-09-17,https://boxd.it/28TZQv
2021-09-27,https://boxd.it/nh4Zt
2021-09-28,https://boxd.it/29e22X
2021-09-28,https://boxd.it/2abinl
2021-09-29,https://boxd.it/29rQl7
2021-09-29,https://boxd.it/29mk3F
2021-09-29,https://boxd.it/2a6Hoj
2021-09-29,https://boxd.it/29yYDR
2021-09-29,https://boxd.it/29Q2qr
2021-09-29,https://boxd.it/29nLqj
2021-09-29,https://boxd.it/29cvBD
2021-09-29,https://boxd.it/2a6nH1
2021-09-29,https://boxd.it/29uWWp
2021-10-08,https://boxd.it/12sd1N
2021-10-09,https://boxd.it/2aICbZ
2021-10-09,https://boxd.it/27PN1j
2021-10-12,https://boxd.it/2bvVyB
2021-10-15,https://boxd.it/2a10EN
2021-10-15,https://boxd.it/2ahyNL
2021-10-15,https://boxd.it/2ah5np
2021-10-15,https://boxd.it/2ar4w1
2021-10-15,https://boxd.it/2c88DP
2021-10-17,https://boxd.it/2cOMQN
2021-10-21,https://boxd.it/RHGDR
2021-10-21,https://boxd.it/RtHsH
2021-10-21,https://boxd.it/T6ppx
2021-10-22,https://boxd.it/28NMgx
2021-10-23,https://boxd.it/2dF3rf
2021-10-30,https://boxd.it/2dYsVH
2021-10-30,https://boxd.it/2eFBwn
2021-11-20,https://boxd.it/2ek8Mf
2021-11-21,https://boxd.it/2gju2p
2021-11-21,https://boxd.it/2dJftZ
2021-11-21,https://boxd.it/2g4cpZ
2021-11-27,https://boxd.it/1nAg1V
2021-11-27,https://boxd.it/1w8fbP
2021-12-05,https://boxd.it/2jlXrJ
2021-12-05,https://boxd.it/2itESN
2021-12-05,https://boxd.it/2jfm7b
2021-12-05,https://boxd.it/2jg7w3
2021-12-05,https://boxd.it/2jelnP
2021-12-17,https://boxd.it/2mhjzR
2021-12-17,https://boxd.it/2mh3hd
2021-12-17,https://boxd.it/2miFGx
2021-12-17,https://boxd.it/2mt6MR
2021-12-17,https://boxd.it/2mh3lJ
2021-12-17,https://boxd.it/2mi4HX
2021-12-17,https://boxd.it/2mjWO1
2021-12-17,https://boxd.it/2mhtj5
2021-12-17,https://boxd.it/2miuVB
2021-12-18,https://boxd.it/2lmn03
2021-12-18,https://boxd.it/UqW8D
2021-12-18,https://boxd.it/MZc9N
2021-12-19,https://boxd.it/bHYWJ
2021-12-19,https://boxd.it/26BL2H
2021-12-20,https://boxd.it/2mzR4p
2021-12-20,https://boxd.it/29ilpJ
2021-12-20,https://boxd.it/9FdjD
2021-12-20,https://boxd.it/N03rZ
2021-12-20,https://boxd.it/28UhGN
2021-12-20,https://boxd.it/1c19ql
2021-12-22,https://boxd.it/2mCzE1
2021-12-24,https://boxd.it/2kCuP1
2021-12-24,https://boxd.it/2mDvwf
2021-12-24,https://boxd.it/2npVkP
2021-12-31,https://boxd.it/2p5dFR
2022-01-01,https://boxd.it/geYB
2022-01-01,https://boxd.it/UqKBN
2022-01-04,https://boxd.it/2oeuOb
2022-01-04,https://boxd.it/2oBvRV
2022-01-04,https://boxd.it/2lUug1
2022-01-04,https://boxd.it/2qUsMf
2022-01-04,https://boxd.it/oxM0F
2022-01-06,https://boxd.it/8JkYR
2022-01-06,https://boxd.it/119sOt
2022-01-09,https://boxd.it/RSwyT
2022-01-10,https://boxd.it/2srPIP
2022-01-10,https://boxd.it/29GAiB
2022-01-10,https://boxd.it/2a6sf7
2022-01-16,https://boxd.it/8X91H
2022-01-16,https://boxd.it/fcXV5
2022-01-16,https://boxd.it/NR8FD
2022-01-16,https://boxd.it/29WAjB
2022-01-23,https://boxd.it/2uHP9v
2022-01-23,https://boxd.it/1CvNmR
2022-01-23,https://boxd.it/1HiS0Z
2022-01-23,https://boxd.it/18vfwN
2022-01-23,https://boxd.it/1FevK5
2022-01-24,https://boxd.it/2ufXxz
2022-01-24,https://boxd.it/2dzybb
2022-01-24,https://boxd.it/2uDMg1
2022-02-02,https://boxd.it/2xz2q9
2022-02-06,https://boxd.it/1H9pCn
2022-02-21,https://boxd.it/2ARitV
2022-02-21,https://boxd.it/2nNSfF
2022-02-26,https://boxd.it/2BVeyp
2022-02-26,https://boxd.it/2zbo0d
2022-02-27,https://boxd.it/2C8NtZ
2022-02-27,https://boxd.it/2ziOX5
2022-03-09,https://boxd.it/2CRqlt
2022-03-09,https://boxd.it/2DPEEJ
2022-03-11,https://boxd.it/2EdCdz
2022-03-12,https://boxd.it/2D9S1d
2022-03-23,https://boxd.it/2EQtpp
2022-03-23,https://boxd.it/2Fe0IP
2022-03-23,https://boxd.it/2EydRr
2022-04-04,https://boxd.it/651iz
2022-04-04,https://boxd.it/stoI7
2022-04-09,https://boxd.it/2d2i3p
2022-04-11,https://boxd.it/1cHVI7
2022-04-12,https://boxd.it/2H7oT7
2022-04-12,https://boxd.it/2EDpcP
2022-04-12,https://boxd.it/2HdHhj
2022-04-12,https://boxd.it/2Ivp9L
2022-04-12,https://boxd.it/2IbPU9
2022-04-12,https://boxd.it/2ECRP9
2022-04-22,https://boxd.it/1KDyx
2022-04-22,https://boxd.it/1Mi1M7
2022-04-29,https://boxd.it/nhYXt
2022-04-30,https://boxd.it/2I6Wyf
2022-04-30,https://boxd.it/kdbDT
2022-05-07,https://boxd.it/2O5UHV
2022-05-09,https://boxd.it/1IWrzR
2022-05-10,https://boxd.it/2O64fn
2022-05-10,https://boxd.it/2OHM0b
2022-05-10,https://boxd.it/2OMF7f
2022-05-10,https://boxd.it/2Jwm5R
2022-05-17,https://boxd.it/dkzh
2022-05-17,https://boxd.it/d8ff
2022-05-18,https://boxd.it/cUeBP
2022-05-18,https://boxd.it/4HjNN
2022-05-18,https://boxd.it/MYzw9
2022-05-18,https://boxd.it/1cHkyz
2022-05-18,https://boxd.it/1yu9tl
2022-05-18,https://boxd.it/RDG95
2022-05-18,https://boxd.it/rB7uz
2022-05-18,https://boxd.it/1muFRV
2022-05-18,https://boxd.it/M8LgX
2022-05-18,https://boxd.it/q42LZ
2022-05-20,https://boxd.it/MUqF
2022-05-20,https://boxd.it/5Xg7v
2022-05-20,https://boxd.it/bIUDv
2022-05-20,https://boxd.it/2gVU4n
2022-05-20,https://boxd.it/11qpcP
2022-05-20,https://boxd.it/2xnLSX
2022-05-21,https://boxd.it/2R3kWj
2022-05-21,https://boxd.it/2R3gQL
2022-05-21,https://boxd.it/2R3GJV
2022-05-22,https://boxd.it/2R3voR
2022-05-25,https://boxd.it/2LBgwF
2022-05-25,https://boxd.it/2MmGgn
2022-05-25,https://boxd.it/2EwwF1
2022-05-25,https://boxd.it/2ETMpp
2022-05-25,https://boxd.it/2KEWlL
2022-05-25,https://boxd.it/2NnlIB
2022-05-25,https://boxd.it/2Quhib
2022-05-25,https://boxd.it/2L6mjv
2022-05-30,https://boxd.it/wvY3T
2022-06-01,https://boxd.it/2QU7k9
2022-06-01,https://boxd.it/2RkHUp
2022-06-01,https://boxd.it/2PJEVV
2022-06-01,https://boxd.it/1PW9gl
2022-06-01,https://boxd.it/FW9Ud
2022-06-04,https://boxd.it/2RrLEz
2022-06-05,https://boxd.it/BXUIp
2022-06-05,https://boxd.it/pAzTR
2022-06-08,https://boxd.it/2nOkcJ
2022-06-08,https://boxd.it/2l7FhB
2022-06-08,https://boxd.it/2iVlGf
2022-06-08,https://boxd.it/2isChD
2022-06-08,https://boxd.it/2kAhz1
2022-06-08,https://boxd.it/2k78lr
2022-06-09,https://boxd.it/2GgLR3
2022-06-09,https://boxd.it/2GKpar
2022-06-11,https://boxd.it/2UxdBv
2022-06-11,https://boxd.it/2Txybz
2022-06-11,https://boxd.it/2Te2bf
2022-06-13,https://boxd.it/2URCKn
2022-06-13,https://boxd.it/2UYICt
2022-06-15,https://boxd.it/2H3gQ7
2022-06-15,https://boxd.it/2JUI0H
2022-06-16,https://boxd.it/2TE1FZ
2022-06-16,https://boxd.it/2Fgw4r
2022-06-16,https://boxd.it/2Q4QJf
2022-06-18,https://boxd.it/2VxnoZ
2022-06-21,https://boxd.it/2KVmdv
2022-06-21,https://boxd.it/2MfgxN
2022-06-21,https://boxd.it/2KfF9D
2022-06-21,https://boxd.it/2NRYmJ
2022-06-23,https://boxd.it/2W69Yz
2022-06-25,https://boxd.it/2SqIZ7
2022-06-25,https://boxd.it/2Sr7uD
2022-06-25,https://boxd.it/niVSx
2022-06-29,https://boxd.it/21UH4d
2022-06-29,https://boxd.it/21q9Dj
2022-06-29,https://boxd.it/21PXaV
2022-06-29,https://boxd.it/20Wdkv
2022-06-29,https://boxd.it/1KcS9d
2022-06-29,https://boxd.it/w7Hq9
2022-06-29,https://boxd.it/1bYRpb
2022-06-29,https://boxd.it/22Y6F
2022-06-29,https://boxd.it/16tW33
2022-07-02,https://boxd.it/zCQQT
2022-07-02,https://boxd.it/dPgXx
2022-07-02,https://boxd.it/8zZNb
2022-07-02,https://boxd.it/1fFLHV
2022-07-02,https://boxd.it/vnCyl
2022-07-05,https://boxd.it/fxgIJ
2022-07-05,https://boxd.it/omYa1
2022-07-05,https://boxd.it/ocu7r
2022-07-05,https://boxd.it/2OdUAB
2022-07-06,https://boxd.it/2Xiq4L
2022-07-08,https://boxd.it/9MmqH
2022-07-14,https://boxd.it/302wMJ
2022-07-14,https://boxd.it/303341
2022-07-16,https://boxd.it/31iBgz
2022-07-18,https://boxd.it/14EE3t
2022-07-21,https://boxd.it/11TSoj
2022-07-22,https://boxd.it/2WcjOr
2022-07-22,https://boxd.it/32jIP3
2022-07-22,https://boxd.it/32oNTf
2022-07-22,https://boxd.it/32w6Ex
2022-07-23,https://boxd.it/2VU82F
2022-07-23,https://boxd.it/Q5VTP
2022-07-23,https://boxd.it/cr02j
2022-07-23,https://boxd.it/l0Mql
2022-07-23,https://boxd.it/2KEw3B
2022-07-24,https://boxd.it/32AudX
2022-07-24,https://boxd.it/32SGJH
2022-07-24,https://boxd.it/32U7m3
2022-07-25,https://boxd.it/FDTCL
2022-07-25,https://boxd.it/1cfnwb
2022-07-25,https://boxd.it/1wgsmx
2022-07-26,https://boxd.it/320tjt
2022-08-02,https://boxd.it/34RxTz
2022-08-02,https://boxd.it/34PIHZ
2022-08-02,https://boxd.it/34Mqx7
2022-08-02,https://boxd.it/34HFYd
2022-08-02,https://boxd.it/34F4OV
2022-08-02,https://boxd.it/2Qzesx
2022-08-03,https://boxd.it/lM0ed
2022-08-05,https://boxd.it/324rJH
2022-08-05,https://boxd.it/3190Fp
2022-08-05,https://boxd.it/31axsP
2022-08-05,https://boxd.it/2H5D1F
2022-08-05,https://boxd.it/31xqtd
2022-08-05,https://boxd.it/3647nR
2022-08-05,https://boxd.it/34Pmln
2022-08-05,https://boxd.it/33faLx
2022-08-05,https://boxd.it/33zQnH
2022-08-08,https://boxd.it/9lzLp
2022-08-08,https://boxd.it/p3z15
2022-08-08,https://boxd.it/5G81Z
2022-08-08,https://boxd.it/1OODgl
2022-08-09,https://boxd.it/34SsAJ
2022-08-09,https://boxd.it/36dV0r
2022-08-09,https://boxd.it/34Rj51
2022-08-09,https://boxd.it/35A2hT
2022-08-15,https://boxd.it/35HN6n
2022-08-15,https://boxd.it/2mA7qh
2022-08-15,https://boxd.it/2n5isl
2022-08-15,https://boxd.it/2mFR6n
2022-09-08,https://boxd.it/3aBqQl
2022-09-16,https://boxd.it/2D22Xl
2022-09-24,https://boxd.it/xLIq9
2022-09-24,https://boxd.it/y3mbx
2022-09-24,https://boxd.it/1pc23j
2022-10-08,https://boxd.it/3h2Ugl
2022-10-14,https://boxd.it/3h7VG5
2022-10-14,https://boxd.it/3jpa4n
2022-11-14,https://boxd.it/8dYfN
2022-12-16,https://boxd.it/3vpgHX
2022-12-16,https://boxd.it/3vxBhd
2022-12-16,https://boxd.it/3txAZZ
2022-12-16,https://boxd.it/3vy6ll
2022-12-16,https://boxd.it/3vqYkZ
2022-12-18,https://boxd.it/1l6yin
2022-12-19,https://boxd.it/3jXAqx
2022-12-19,https://boxd.it/3sCyV3
2022-12-19,https://boxd.it/3rKt4l
2022-12-19,https://boxd.it/3rzdsT
2022-12-19,https://boxd.it/3r8zt1
2022-12-19,https://boxd.it/399Rej
2022-12-19,https://boxd.it/3rIlkL
2022-12-21,https://boxd.it/5ktRt
2022-12-21,https://boxd.it/spGml
2022-12-21,https://boxd.it/1jn9H
2022-12-21,https://boxd.it/1b7sUH
2022-12-21,https://boxd.it/b2Fml
2022-12-21,https://boxd.it/3sgBjn
2022-12-21,https://boxd.it/3xv3R1
2022-12-24,https://boxd.it/qEzUR
2022-12-24,https://boxd.it/wdKpF
2022-12-24,https://boxd.it/2kG9Ax
2022-12-28,https://boxd.it/3kyrAH
2022-12-28,https://boxd.it/3klg9p
2022-12-31,https://boxd.it/3uD99j
2022-12-31,https://boxd.it/3zBPQZ
2022-12-31,https://boxd.it/3AQ1y1
2023-01-04,https://boxd.it/pU0Pb
2023-01-07,https://boxd.it/3DN1Vv
2023-01-07,https://boxd.it/3DNu2p
2023-01-10,https://boxd.it/LqC1V
2023-01-27,https://boxd.it/3zpZ0P
2023-01-27,https://boxd.it/3fGJQf
2023-02-13,https://boxd.it/3zI3cL
2023-02-13,https://boxd.it/3Aamwr
2023-02-13,https://boxd.it/3OoZZ7
2023-02-13,https://boxd.it/3zNofB
2023-02-13,https://boxd.it/3zI8EZ
2023-03-01,https://boxd.it/3NboAJ
2023-03-01,https://boxd.it/3NnN0P
2023-03-01,https://boxd.it/3Nkx1B
2023-03-01,https://boxd.it/3OSwiN
2023-03-15,https://boxd.it/2etxcp
2023-03-18,https://boxd.it/3cn0Q5
2023-03-18,https://boxd.it/3csIWL
2023-03-18,https://boxd.it/3cyT8p
2023-03-18,https://boxd.it/3gf6I7
2023-03-18,https://boxd.it/3cm8BP
2023-03-18,https://boxd.it/3fQjST
2023-03-18,https://boxd.it/3cm8uf
2023-03-18,https://boxd.it/3fLGfP
2023-03-18,https://boxd.it/3fCDTf
2023-03-18,https://boxd.it/3cmwa9
2023-03-18,https://boxd.it/3mNBhj
2023-03-25,https://boxd.it/3ZmYSz
2023-03-25,https://boxd.it/41mDCX
2023-03-25,https://boxd.it/41w4wv
2023-03-25,https://boxd.it/41utu1
2023-04-03,https://boxd.it/43vnJf
2023-04-03,https://boxd.it/43l61Z
2023-04-03,https://boxd.it/43y0h9
2023-04-03,https://boxd.it/3XXcI3
2023-04-03,https://boxd.it/42uTRf
2023-04-09,https://boxd.it/43YSXZ
2023-04-09,https://boxd.it/451iUb
2023-04-09,https://boxd.it/45eRxR
2023-04-16,https://boxd.it/47xyZj
2023-04-23,https://boxd.it/49sHZ1
2023-04-24,https://boxd.it/43RFoD
2023-04-24,https://boxd.it/46Jca9
2023-04-24,https://boxd.it/44bshf
2023-04-24,https://boxd.it/48ZaUp
2023-04-24,https://boxd.it/48KOej
2023-05-02,https://boxd.it/45i48V
2023-05-02,https://boxd.it/48lmCn
2023-05-02,https://boxd.it/45eISB
2023-05-02,https://boxd.it/47JPZ5
2023-05-04,https://boxd.it/4bd1SZ
2023-05-06,https://boxd.it/4b88GV
2023-05-06,https://boxd.it/4bgLa1
2023-05-06,https://boxd.it/4b8p7D
2023-05-06,https://boxd.it/GE2b9
2023-05-10,https://boxd.it/DXmXD
2023-05-12,https://boxd.it/4deeKf
2023-05-12,https://boxd.it/4d0s0n
2023-05-12,https://boxd.it/4dnL0H
2023-05-27,https://boxd.it/4gslY9
2023-05-28,https://boxd.it/QYO75
2023-05-28,https://boxd.it/1tKV7J
2023-05-28,https://boxd.it/D78jZ
2023-05-28,https://boxd.it/sLzZf
2023-05-28,https://boxd.it/nQB0N
2023-05-30,https://boxd.it/4i4jxZ
2023-05-30,https://boxd.it/4i5O2P
2023-05-30,https://boxd.it/4i6WjL
2023-05-30,https://boxd.it/4i8Ehh
2023-05-30,https://boxd.it/4i8ECT
2023-05-30,https://boxd.it/4i6AJR
2023-05-30,https://boxd.it/4hTrVj
2023-05-30,https://boxd.it/4hHNc7
2023-05-30,https://boxd.it/4hVvd5
2023-05-30,https://boxd.it/4e0Ga1
2023-06-05,https://boxd.it/4hXj2t
2023-06-06,https://boxd.it/4jHTrb
2023-06-06,https://boxd.it/4hYA4t
2023-06-06,https://boxd.it/4hY9qR
2023-06-06,https://boxd.it/4iggWr
2023-06-06,https://boxd.it/4hXP39
2023-06-06,https://boxd.it/4kYjSN
2023-06-06,https://boxd.it/4kYjNj
2023-06-06,https://boxd.it/4kYiF9
2023-06-06,https://boxd.it/4kYiDH
2023-06-06,https://boxd.it/4kYiBL
2023-06-06,https://boxd.it/4kYiCf
2023-06-06,https://boxd.it/4kYisT
2023-06-06,https://boxd.it/4kYinT
2023-06-06,https://boxd.it/4kYi5F
2023-06-09,https://boxd.it/4jPQUP
2023-06-09,https://boxd.it/4kG4Xx
2023-06-11,https://boxd.it/3SrOq3
2023-06-14,https://boxd.it/3SjHK5
2023-06-14,https://boxd.it/4kfx77
2023-06-14,https://boxd.it/gOUDd
2023-06-14,https://boxd.it/hn193
2023-06-23,https://boxd.it/xWK2b
2023-06-23,https://boxd.it/y2hST
2023-06-23,https://boxd.it/PxvNX
2023-06-23,https://boxd.it/y2grd
2023-06-23,https://boxd.it/dc6Xp
2023-06-23,https://boxd.it/PyAAh
2023-06-23,https://boxd.it/2sQybJ
2023-06-23,https://boxd.it/19ZXBr
2023-06-23,https://boxd.it/4jOUWX
2023-06-23,https://boxd.it/4hAYwt
2023-06-23,https://boxd.it/4nPYgp
2023-06-25,https://boxd.it/4pzuFP
2023-06-25,https://boxd.it/4pQ6T3
2023-06-27,https://boxd.it/2tOEvv
2023-06-27,https://boxd.it/2thsqx
2023-06-28,https://boxd.it/3Xoq9r
2023-06-28,https://boxd.it/3XIvln
2023-06-28,https://boxd.it/3XoNvZ
2023-07-04,https://boxd.it/37NgFp
2023-07-04,https://boxd.it/37Clq3
2023-07-04,https://boxd.it/37Wv0J
2023-07-04,https://boxd.it/2FiP6v
2023-07-04,https://boxd.it/37MLRJ
2023-07-04,https://boxd.it/37RMxl
2023-07-04,https://boxd.it/3fIOR7
2023-07-04,https://boxd.it/3dlYRn
2023-07-04,https://boxd.it/3oMoMT
2023-07-04,https://boxd.it/2GOMHh
2023-07-04,https://boxd.it/2FYGHV
2023-07-05,https://boxd.it/4nneth
2023-07-05,https://boxd.it/4s0HkR
2023-07-05,https://boxd.it/4pPZbj
2023-07-05,https://boxd.it/4nlkxZ
2023-07-08,https://boxd.it/3er1Jb
2023-07-10,https://boxd.it/2bDeUF
2023-07-10,https://boxd.it/2ywdaT
2023-07-10,https://boxd.it/a1UnR
2023-07-10,https://boxd.it/d178v
2023-07-10,https://boxd.it/1hQFGR
2023-07-10,https://boxd.it/4sx4Ih
2023-07-10,https://boxd.it/4twVoh
2023-07-10,https://boxd.it/4s6rA7
2023-07-11,https://boxd.it/6xYvt
2023-07-11,https://boxd.it/X8X2d
2023-07-11,https://boxd.it/TagGn
2023-07-11,https://boxd.it/1FqROH
2023-07-11,https://boxd.it/2mdKj
2023-07-13,https://boxd.it/4tqCGT
2023-07-14,https://boxd.it/3zBcG7
2023-07-14,https://boxd.it/3B7kgJ
2023-07-17,https://boxd.it/4vK0bB
2023-07-20,https://boxd.it/4v5Ww1
2023-07-20,https://boxd.it/4vbQSn
2023-07-20,https://boxd.it/4vkgpH
2023-07-20,https://boxd.it/4xe473
2023-07-20,https://boxd.it/4rk0rr
2023-07-20,https://boxd.it/4pP4X1
2023-07-20,https://boxd.it/4xxinn
2023-07-22,https://boxd.it/4y8o3R
2023-07-22,https://boxd.it/4xe7k5
2023-07-22,https://boxd.it/4xuEV1
2023-07-24,https://boxd.it/4uVOBR
2023-07-24,https://boxd.it/4vZa7T
2023-08-01,https://boxd.it/4BcEIL
2023-08-04,https://boxd.it/jlrnJ
2023-08-23,https://boxd.it/26b23
2023-08-31,https://boxd.it/4LUAGf
2023-09-04,https://boxd.it/4M6YFp
2023-09-04,https://boxd.it/3YlvDf
2023-09-04,https://boxd.it/3YAv2N
2023-09-12,https://boxd.it/4O2Uyf
2023-09-18,https://boxd.it/424wHJ
2023-09-25,https://boxd.it/4BQdmt
2023-09-25,https://boxd.it/4yloSr
2023-10-03,https://boxd.it/4UN90D
2023-10-05,https://boxd.it/4TYb7z
2023-10-05,https://boxd.it/4UmmFP
2023-10-05,https://boxd.it/4UT1sr
2023-10-17,https://boxd.it/mm95V
2023-10-21,https://boxd.it/51uPuv
2023-10-25,https://boxd.it/4ZLP6f
2023-10-25,https://boxd.it/51q2ol
2023-10-25,https://boxd.it/4Z9zXh
2023-10-25,https://boxd.it/SaQxR
2023-10-31,https://boxd.it/532dLZ
2023-11-13,https://boxd.it/58BpXX
2023-11-14,https://boxd.it/czoLt
2023-11-15,https://boxd.it/5a6JNp
2023-11-16,https://boxd.it/5aeHib
2023-11-19,https://boxd.it/1lXD63
2023-11-21,https://boxd.it/5ab86X
2023-11-21,https://boxd.it/5aawwt
2023-11-21,https://boxd.it/5aeEbr
2023-11-21,https://boxd.it/5ag8vD
2023-11-21,https://boxd.it/5aiLgh
2023-11-21,https://boxd.it/5aichT
2023-11-21,https://boxd.it/5a6Z3H
2023-11-21,https://boxd.it/5aGLAz
2023-11-21,https://boxd.it/5aeoOx
2023-11-21,https://boxd.it/5aeJwJ
2023-11-22,https://boxd.it/57M8Jd
2023-11-22,https://boxd.it/5bsgAz
2023-11-22,https://boxd.it/5cd1eR
2023-11-24,https://boxd.it/5cbOSd
2023-11-28,https://boxd.it/l0VsP
2023-11-28,https://boxd.it/QpYHx
2023-11-30,https://boxd.it/4Wa0Yp
2023-12-03,https://boxd.it/5fSgDV
2023-12-08,https://boxd.it/5h0HR1
2023-12-08,https://boxd.it/5h137p
2023-12-08,https://boxd.it/4OGUcN
2023-12-08,https://boxd.it/5hz6xt
2023-12-10,https://boxd.it/5hZCgh
2023-12-14,https://boxd.it/5gfm81
2023-12-14,https://boxd.it/5fm3Pv
2023-12-14,https://boxd.it/5fu2x7
2023-12-20,https://boxd.it/5l7v7P
2023-12-26,https://boxd.it/5oCcgx
2023-12-26,https://boxd.it/5oGdFr
2023-12-31,https://boxd.it/4Swn6X
2024-01-04,https://boxd.it/3iW9Wv
2024-01-04,https://boxd.it/32VWdX
2024-01-04,https://boxd.it/3iZQRz
2024-01-04,https://boxd.it/3ewwk7
2024-01-04,https://boxd.it/3na49H
2024-01-04,https://boxd.it/3nl2zl
2024-01-04,https://boxd.it/3knWbB
2024-01-08,https://boxd.it/2I9fyR
2024-01-08,https://boxd.it/2Ddkzj
2024-01-08,https://boxd.it/1YUMjb
2024-01-15,https://boxd.it/5zxaBH
2024-01-19,https://boxd.it/5pKEqb
2024-01-26,https://boxd.it/5GkaHR
2024-01-31,https://boxd.it/5HWeuR
2024-02-01,https://boxd.it/7J5JD
2024-02-01,https://boxd.it/50T4gR
2024-02-11,https://boxd.it/4gwLEx
2024-02-11,https://boxd.it/5lXnSH
2024-02-11,https://boxd.it/4Z29V1
2024-02-14,https://boxd.it/5KPtcr
2024-02-18,https://boxd.it/5uTdPB
2024-02-18,https://boxd.it/5qKr6V
2024-02-18,https://boxd.it/5va4gV
2024-02-18,https://boxd.it/5v2Xi7
2024-02-18,https://boxd.it/5n9K5B
2024-02-19,https://boxd.it/5qi0l9
2024-02-19,https://boxd.it/5teoC3
2024-02-21,https://boxd.it/LFXEz
2024-02-21,https://boxd.it/3rYVR
2024-02-21,https://boxd.it/Xdwsj
2024-02-21,https://boxd.it/cljz5
2024-02-25,https://boxd.it/fQMax
2024-02-25,https://boxd.it/8JEfd
2024-02-25,https://boxd.it/4VP1f
2024-02-25,https://boxd.it/7Jy3B
2024-02-25,https://boxd.it/541st
2024-02-26,https://boxd.it/19B6xt
2024-02-28,https://boxd.it/5Vf2m7
2024-03-01,https://boxd.it/5VHmYr
2024-03-03,https://boxd.it/5XnzLN
2024-03-10,https://boxd.it/5VfFKd
2024-03-10,https://boxd.it/5V8wWv
2024-03-10,https://boxd.it/5Vk9N5
2024-03-10,https://boxd.it/5Vbpyd
2024-03-14,https://boxd.it/61iArZ
2024-03-26,https://boxd.it/67SBoN
2024-04-13,https://boxd.it/6cwSEp
2024-04-13,https://boxd.it/6f57Sd
2024-04-13,https://boxd.it/6fWWKP
2024-04-13,https://boxd.it/6gcq6l
2024-04-17,https://boxd.it/4w0MKB
2024-04-17,https://boxd.it/4F8dGr
2024-04-22,https://boxd.it/6ipAjN
2024-05-01,https://boxd.it/5VIb1l
2024-05-01,https://boxd.it/6kDT3v
2024-05-01,https://boxd.it/6l4XJz
2024-05-28,https://boxd.it/5mJgwl
2024-05-28,https://boxd.it/5m1J1D
2024-05-28,https://boxd.it/5mlpcB
2024-06-16,https://boxd.it/6FsfaX
2024-06-16,https://boxd.it/6Ft32J
2024-06-16,https://boxd.it/6FuwIr
2024-06-16,https://boxd.it/6FsZ3t
2024-06-16,https://boxd.it/6FiKJJ
2024-06-16,https://boxd.it/6FVIFX
2024-06-16,https://boxd.it/6FRDOR
2024-06-25,https://boxd.it/6oE41B
2024-06-26,https://boxd.it/6og0iv
2024-07-14,https://boxd.it/6RhmS9
2024-07-19,https://boxd.it/47lcyB
2024-07-23,https://boxd.it/634qN7
2024-07-23,https://boxd.it/65nVmd
2024-07-23,https://boxd.it/60f5gB
2024-07-23,https://boxd.it/63jJrJ
2024-07-25,https://boxd.it/3bUuE1
2024-07-30,https://boxd.it/fdTtN
2024-07-30,https://boxd.it/eXmz7
2024-07-30,https://boxd.it/o55sv
2024-07-30,https://boxd.it/1FONjt
2024-07-31,https://boxd.it/6ZFXQ5
2024-07-31,https://boxd.it/6WEIW9
2024-07-31,https://boxd.it/6Y7GnX
2024-07-31,https://boxd.it/6XCIzp
2024-07-31,https://boxd.it/6WDc8J
2024-08-07,https://boxd.it/70lfrJ
2024-08-07,https://boxd.it/71Dj5x
2024-08-07,https://boxd.it/6XbVnd
2024-08-07,https://boxd.it/70KDGX
2024-08-07,https://boxd.it/6ZpwTp
2024-08-29,https://boxd.it/8yWpt
2024-08-31,https://boxd.it/77hmtx
2024-08-31,https://boxd.it/76lbkD
2024-09-03,https://boxd.it/7fabDJ
2024-09-28,https://boxd.it/g42y7
2024-09-28,https://boxd.it/6ubDVF
2024-09-28,https://boxd.it/6ubmLD
2024-09-28,https://boxd.it/6tKr7z
2024-09-28,https://boxd.it/7pTJR1
2024-10-05,https://boxd.it/7fTYlp
2024-10-05,https://boxd.it/7rObul
2024-10-10,https://boxd.it/6kAVDz
2024-10-13,https://boxd.it/7ikxMZ
2024-10-13,https://boxd.it/7n3FFt
2024-10-13,https://boxd.it/7rY1t3
2024-10-14,https://boxd.it/7tvu1n
2024-10-15,https://boxd.it/3YlBc5
2024-10-15,https://boxd.it/aYptR
2024-10-18,https://boxd.it/jP9Tx
2024-10-26,https://boxd.it/7CWJO5
2024-10-26,https://boxd.it/7CYk6h
2024-10-26,https://boxd.it/7CDYl5
2024-10-26,https://boxd.it/7Da8sJ
2024-10-26,https://boxd.it/7D1BXX
2024-10-26,https://boxd.it/7CEl05
2024-10-26,https://boxd.it/7Dnolb
2024-10-26,https://boxd.it/7DEo4D
2024-10-26,https://boxd.it/7CpNYH
2024-10-26,https://boxd.it/7CUlID
2024-10-26,https://boxd.it/7DDKqf
2024-10-26,https://boxd.it/7CCgBr
2024-10-26,https://boxd.it/7Dj0qj
2024-10-30,https://boxd.it/2fid2B
2024-11-13,https://boxd.it/7DCCGn
2024-11-13,https://boxd.it/7KQZdp
2024-11-13,https://boxd.it/7GYiXp
2024-11-24,https://boxd.it/7RrkA1
2024-12-16,https://boxd.it/7FW8IL
2024-12-16,https://boxd.it/7CRCHL
2024-12-16,https://boxd.it/7X08en
2024-12-28,https://boxd.it/84Sy6P
2024-12-30,https://boxd.it/7HEMD
